scenario,algorithm,latency_ms,packet_loss_pct,throughput_mbps,hops,avg_congestion_pct,avg_queue_ms
degraded,DQN,608.199,38.221,240.999,15.2,36.459,7.046
degraded,Dijkstra,74.792,11.137,426.816,2.2,9.039,1.932
degraded,ECMP,55.602,11.694,365.953,2.2,10.685,1.69
degraded,Random,230.001,24.969,129.096,5.6,12.688,1.549
degraded,Safe-DQN,171.096,8.752,199.878,5.2,25.134,3.663
failure,DQN,768.667,48.743,211.051,20.0,45.63,11.495
failure,Dijkstra,61.918,1.87,454.205,2.0,9.949,2.009
failure,ECMP,45.985,2.291,300.38,2.2,11.761,2.242
failure,Random,661.818,61.85,46.439,8.4,67.13,60.061
failure,Safe-DQN,181.328,11.303,86.023,6.0,26.74,4.436
normal,DQN,974.704,51.647,300.619,20.0,38.172,12.189
normal,Dijkstra,57.52,2.596,298.631,2.6,11.934,2.403
normal,ECMP,47.906,3.376,214.057,2.6,14.427,1.289
normal,Random,189.662,7.904,186.942,7.4,18.465,1.953
normal,Safe-DQN,331.541,20.117,97.352,9.8,30.789,5.507
rush_hour,DQN,551.947,29.019,239.85,12.6,34.658,8.646
rush_hour,Dijkstra,59.822,0.76,128.324,1.8,49.994,12.401
rush_hour,ECMP,66.095,2.433,126.302,1.8,52.161,14.902
rush_hour,Random,473.674,11.717,54.477,11.0,48.744,19.538
rush_hour,Safe-DQN,293.41,18.33,242.796,8.2,27.159,5.218
storm,DQN,960.515,42.978,130.973,20.0,30.937,10.398
storm,Dijkstra,72.748,3.709,179.733,3.2,7.437,1.803
storm,ECMP,67.592,3.598,168.439,3.0,10.935,2.141
storm,Random,999.0,100.0,0.0,9.4,100.0,99.0
storm,Safe-DQN,310.324,18.803,121.352,9.0,27.736,5.771
