scenario,algorithm,source,destination,valid,delivered,latency_ms,packet_loss_pct,throughput_mbps,hops,avg_congestion_pct,avg_queue_ms
normal,Dijkstra,0,3,True,True,21.826529461636724,0.930768899875567,116.10665793410439,2,14.74844804156723,3.478073044293658
normal,ECMP,0,3,True,True,22.18992299643562,3.5137605076458245,534.4565675911075,2,12.419986687421098,0.8983460555684037
normal,Random,0,3,True,True,44.47444478138567,1.2592825600995505,626.0794718555782,2,21.31819582717004,0.5176088530922929
normal,DQN,0,3,True,False,802.6233016996298,51.15860774565846,280.3382360975609,20,38.73069671390582,9.334554751959928
normal,Safe-DQN,0,3,True,True,169.72754124698557,12.41112360629134,163.8384134543583,6,29.44657919526196,3.51608656350709
rush_hour,Dijkstra,1,5,True,True,29.992470123584184,0.5622922433246358,88.7022885014306,1,61.528454971630985,9.335195162307606
rush_hour,ECMP,1,5,True,True,52.435973012558165,0.36983841657309835,129.78848646677358,1,53.464632837615454,23.412485271650414
rush_hour,Random,1,5,True,True,504.8077866283461,13.601182587045557,26.516026321727313,11,46.97085393300281,19.240648906009156
rush_hour,DQN,1,5,True,True,16.31096687723027,1.7938643170146484,320.76653730723,1,23.617023371898487,4.04455485242623
rush_hour,Safe-DQN,1,5,True,True,22.551129730232244,1.9102121188889098,809.4863337773962,1,15.700291885482406,1.942739684497166
degraded,Dijkstra,2,7,True,True,103.84911270456924,10.414765484660137,168.20067438207846,2,11.140113672243388,3.2312608656975073
degraded,ECMP,2,7,True,True,54.56098995072338,11.370487377210981,446.3157284302324,2,14.880445224712743,1.2078351760011907
degraded,Random,2,7,True,True,360.99515234234855,39.35321631539257,136.23036278100017,9,10.040235941415016,1.665528592189438
degraded,DQN,2,7,True,False,877.2498577235549,54.61598216814851,157.33909354872233,20,41.38271077828266,7.687553991479563
degraded,Safe-DQN,2,7,True,True,112.62507601519874,5.698983151781967,49.12180336909364,4,24.580738347900237,3.0730819278459727
failure,Dijkstra,3,9,True,True,88.22456396330011,2.0334163381233394,304.6741592590298,2,15.663202490702934,1.7232321988520627
failure,ECMP,3,9,True,True,50.48513599046733,2.511289163589281,221.0536137159121,3,12.915723798376192,1.7264884829694453
failure,Random,3,9,True,True,111.06009729114851,2.3370015365234087,163.67756703882415,3,18.537889520167603,1.4790168595347646
failure,DQN,3,9,True,False,551.753821345037,27.83062902857448,274.19221442326494,20,45.0246121474819,11.308996950791595
failure,Safe-DQN,3,9,True,True,318.986869682608,19.182101579395205,126.68639368726754,9,29.82682672184612,6.4031315191021285
storm,Dijkstra,4,11,True,True,82.65646003096401,4.100240822237011,54.14481377280798,3,9.949052289852037,1.3802439399441446
storm,ECMP,4,11,True,True,50.81216003037117,2.7055558906940447,381.22213819781757,3,8.746924242324837,1.4315866684026872
storm,Random,4,11,False,False,999.0,100.0,0.0,9,100.0,99.0
storm,DQN,4,11,True,False,882.0868640253564,34.575806049776006,77.76929275033834,20,28.208817361652226,9.353655688046988
storm,Safe-DQN,4,11,True,True,451.2679766065043,31.754152467771235,65.64264088620624,15,27.73560951388759,7.5542214068349
normal,Dijkstra,5,13,True,True,58.75971298710331,2.841257099680128,268.33255476739924,3,21.527653916001828,1.13036244459575
normal,ECMP,5,13,True,True,69.69521007762668,5.486754292148266,81.91394897953482,4,14.430244225278136,1.892709536664316
normal,Random,5,13,True,True,141.36748789505324,6.606087841712693,85.27543448227814,7,13.74130571860754,2.238677402707704
normal,DQN,5,13,True,False,966.9708315557856,57.96929688724099,288.3228885001838,20,39.10119609709654,9.143517382794315
normal,Safe-DQN,5,13,True,True,165.17726316958726,10.890938641590564,58.26523344178816,7,26.481170509243896,3.538688243530136
rush_hour,Dijkstra,6,0,True,True,86.38265706648596,0.4567672690103719,187.22670013962335,2,39.81517076173733,11.35717249553603
rush_hour,ECMP,6,0,True,True,63.21335584791176,3.5587430595341196,124.52969798164611,2,47.88328216712595,10.367642020090493
rush_hour,Random,6,0,True,True,118.916742228317,0.8062181877195429,64.73334872865908,2,53.716863493906295,27.162817312561188
rush_hour,DQN,6,0,True,False,820.3340653959606,45.142932676056624,195.21812162341737,20,34.80345681411117,12.257124202803885
rush_hour,Safe-DQN,6,0,True,True,611.1013916169863,40.41487517129665,36.66197091536794,16,29.67682845270987,9.055670338618372
degraded,Dijkstra,7,10,True,True,47.013851974833166,4.573892719393702,959.5794900484342,1,3.796040440644703,0.7985354596574066
degraded,ECMP,7,10,True,True,37.243044951960705,4.0617956532948085,581.2777380209052,1,10.173777236982302,3.0931968203020705
degraded,Random,7,10,True,True,51.20847098582876,5.488026467105622,267.54740920366305,1,3.268792223906447,1.0487626189841635
degraded,DQN,7,10,True,False,637.8914372258616,44.337650072819855,520.6875021451827,20,33.50105846417789,9.288892467986804
degraded,Safe-DQN,7,10,True,True,355.6149700958422,19.2959115461088,304.55909733237695,9,30.182319742258635,6.153954246365355
failure,Dijkstra,8,12,True,True,72.10459473392856,2.928513181703618,607.9745729412538,2,3.997582042898901,1.1144197254772885
failure,ECMP,8,12,True,True,20.302335112416166,2.8175733653122648,338.61326393680577,2,17.653827186860156,1.9776341521334355
failure,Random,8,12,False,False,999.0,100.0,0.0,17,100.0,99.0
failure,DQN,8,12,True,False,714.7005545486262,44.02758861094879,242.10364611942634,20,55.89197839646056,6.430969352461867
failure,Safe-DQN,8,12,True,True,71.24590077197905,5.7819253574222245,41.70052261092063,4,21.476104475829906,2.9546134432527755
storm,Dijkstra,9,14,True,True,41.11218292444647,2.0247156417369516,464.3334841586378,2,2.6527241434212714,0.8174008765107423
storm,ECMP,9,14,True,True,75.61627812852923,2.0117163258823734,179.84138273383562,2,4.02396850218639,3.1977141477869124
storm,Random,9,14,False,False,999.0,100.0,0.0,12,100.0,99.0
storm,DQN,9,14,True,False,697.7209981799167,27.975986373980742,50.04250299491694,20,18.77152605551437,6.007678712457306
storm,Safe-DQN,9,14,True,True,763.8205557094623,39.17322045197709,140.10552638646354,16,34.715502167690616,8.499372030369425
normal,Dijkstra,10,1,True,True,77.4018622832243,5.137704251221975,364.4130854330729,4,11.052695537165762,1.6591297278479873
normal,ECMP,10,1,True,True,61.74155488180283,3.572643409894094,349.7671203498136,3,11.640737313790632,1.97683387485427
normal,Random,10,1,True,True,120.00545745715144,7.956390634104671,105.80671011142334,6,21.100010566061023,2.293925976123974
normal,DQN,10,1,True,False,1103.5122750201026,58.97371715591606,262.5721285764478,20,49.090447983529835,15.093228931974869
normal,Safe-DQN,10,1,True,True,643.5836952038682,37.578568407653776,46.84287186058009,16,36.33124080894641,8.680661013519046
rush_hour,Dijkstra,11,3,True,True,112.03126925039723,0.4825950869409956,114.89074168941717,3,50.49403045315408,17.781105864497114
rush_hour,ECMP,11,3,True,True,88.39961459788628,4.118900003569492,121.31755491686098,3,57.19614053498775,11.812825467004858
rush_hour,Random,11,3,True,True,649.7754235856053,17.300695482319274,59.17071229155206,16,47.621454755898924,15.325668931814707
rush_hour,DQN,11,3,True,False,991.9250124641363,59.29483064282206,143.94875230032744,20,54.170539109281854,15.11434902886997
rush_hour,Safe-DQN,11,3,True,True,98.1970039576574,5.5863841450111025,163.51379926004196,4,30.85335491169386,3.932501783989274
degraded,Dijkstra,12,5,True,True,83.60870804635846,10.335368987760551,487.48607874636957,2,7.2824699393092445,0.22533775175653603
degraded,ECMP,12,5,True,True,82.34474033519417,15.20648576449818,385.8890263741606,3,10.894653015782866,0.8772507725992518
degraded,Random,12,5,True,True,364.72963990963444,28.3417164792929,66.41527806989801,6,18.675415504970662,2.476550816156612
degraded,DQN,12,5,True,True,56.55768639808901,1.4553142703379707,58.28081805398646,2,25.037147387515336,0.7812068485415993
degraded,Safe-DQN,12,5,True,True,68.575040404627,2.656807154359475,532.7896273782603,2,17.347019307392653,2.5679291038209913
failure,Dijkstra,13,7,True,True,37.94536982393614,1.8735521660086518,486.6358966672116,2,6.803157323218853,1.7576285455504888
failure,ECMP,13,7,True,True,28.141794273704313,2.187777351211795,93.38245398430743,2,10.043096866548314,2.0539915839856606
failure,Random,13,7,True,True,201.0276338042493,6.912450905335721,68.51851196339298,6,17.11164324365538,1.8249451552491787
failure,DQN,13,7,True,False,938.7610239988733,47.88666401568397,223.92253476313866,20,32.94944087772092,10.307324519015939
failure,Safe-DQN,13,7,True,True,164.9289618200105,10.340292261567786,42.82860859300765,6,29.443908902436068,5.336830542250362
storm,Dijkstra,14,2,True,True,86.44242955271972,5.866628208130065,104.21878105208249,5,7.5100680002050915,1.865233937553419
storm,ECMP,14,2,True,True,68.9926227411253,5.764289772322262,141.35563776599614,4,16.080196506295195,1.5897684703800972
storm,Random,14,2,False,False,999.0,100.0,0.0,6,100.0,99.0
storm,DQN,14,2,True,False,1368.5192058127689,44.56410887331086,233.92282855581158,20,40.30830488043836,15.519629496818172
storm,Safe-DQN,14,2,True,True,124.5792110808764,6.595352966377255,89.84778736597707,4,27.666305215632097,4.528675024897469
normal,Dijkstra,0,4,True,True,28.441932649949027,1.2028739999050853,366.10461652242077,1,5.072488751586926,3.4152924632742905
normal,ECMP,0,4,True,True,29.05137772079526,1.1947428808015137,43.33431589510939,1,18.600842421553395,0.01970335593548178
normal,Random,0,4,True,True,183.5159951722759,6.753347367956786,81.17566806941099,6,17.385670340238736,2.575318254956849
normal,DQN,0,4,True,False,1003.9761556420881,55.82600872832183,57.72401770161488,20,37.20981693309612,15.966086985486843
normal,Safe-DQN,0,4,True,True,287.26329651790303,20.62852465115811,73.71518843420621,10,29.87186003823495,6.2194024930464655
rush_hour,Dijkstra,1,6,True,True,51.41116265843029,2.1105189597266483,177.13223054451805,2,49.57080824941258,14.181001907209502
rush_hour,ECMP,1,6,True,True,72.31939389166331,1.9182999637555986,89.07530130957319,2,42.94078552305107,12.894462196265739
rush_hour,Random,1,6,True,True,643.2481660507555,17.170132928365444,75.17023514471084,16,46.04181503679098,16.02486946664189
rush_hour,DQN,1,6,True,False,886.0796744052388,36.24061479567827,321.3675073045958,20,44.9671519824232,9.600785296789345
rush_hour,Safe-DQN,1,6,True,True,563.3003254239328,32.86728279779432,53.13157004435682,14,32.73263477947573,7.175534355297204
degraded,Dijkstra,2,8,True,True,57.9725193057358,16.28109307654354,103.14718573490644,3,12.696991436030295,2.8040141075672964
degraded,ECMP,2,8,True,True,60.13079236007543,16.91525831045524,135.42056404132026,3,11.128120824172406,1.6843814919236781
degraded,Random,2,8,True,True,313.6224546902205,37.87782137346256,59.04074799268668,9,18.234629484264957,1.888484694429226
degraded,DQN,2,8,True,True,429.3202647489197,35.58151519847447,217.23607796616878,14,36.438908995484084,8.903797568236575
degraded,Safe-DQN,2,8,True,True,133.62949908469903,8.76339005321678,51.22788152741075,5,30.07562567890983,3.7075305779591083
failure,Dijkstra,3,10,True,True,50.055047241470916,1.9626412775919144,358.04404392215844,2,18.135909320661305,2.7003702824290063
failure,ECMP,3,10,True,True,60.843876465243135,1.6526274118682016,548.4611269702399,2,3.2354176452974026,2.454223998530182
failure,Random,3,10,False,False,999.0,100.0,0.0,4,100.0,99.0
failure,DQN,3,10,True,False,707.8880563957341,64.17194394357492,197.88052544624242,20,53.54855783443448,14.316802527527699
failure,Safe-DQN,3,10,True,True,241.69346094264688,14.733145728595387,142.30069422908474,7,25.74329874196905,4.328387574761604
storm,Dijkstra,4,12,True,True,74.80661925640068,3.575135336644275,212.66692156017447,3,6.869522475461383,2.257620619266549
storm,ECMP,4,12,True,True,67.40009033849603,3.6724792608908707,59.37705327896739,3,15.35191853846439,2.302786236034382
storm,Random,4,12,False,False,999.0,100.0,0.0,5,100.0,99.0
storm,DQN,4,12,True,False,925.1654077414505,50.53424880014181,146.25161843196597,20,33.50468034612696,10.1813378505152
storm,Safe-DQN,4,12,True,True,50.407471883951146,1.5670989122814283,194.32414606171366,3,23.81752411859878,3.352466554477568
normal,Dijkstra,5,14,True,True,101.1689643255095,2.866089651378123,378.19907833669936,3,7.268565495747914,2.3297914663802337
normal,ECMP,5,14,True,True,56.853593466751356,3.1103333658956123,60.81177678102543,3,15.041205673680011,1.6589478735484533
normal,Random,5,14,True,True,458.9481867248021,16.945737650642588,36.37167195200423,16,18.780427391817522,2.1379933855343958
normal,DQN,5,14,True,False,996.4379784545798,34.3071795173311,614.1384482122638,20,26.72647126729325,11.407656636068792
normal,Safe-DQN,5,14,True,True,391.9532964578588,19.078093954412246,144.0975569290176,10,31.815743213770176,5.579418238729824
rush_hour,Dijkstra,6,9,True,True,19.29126635701674,0.18712094432939974,73.6695444900033,1,48.56142301644609,9.349708066485052
rush_hour,ECMP,6,9,True,True,54.10725309965483,2.1998886990124866,166.79969314186198,1,59.31958775641959,16.021046532609887
rush_hour,Random,6,9,True,True,451.6205514927101,9.707736130022793,46.79271489643248,10,49.37100736167008,19.936969550563862
rush_hour,DQN,6,9,True,True,45.083783839926575,2.6251646527431727,217.95096330852812,2,15.729748554142764,2.2129354060482083
rush_hour,Safe-DQN,6,9,True,True,171.8983020575641,10.8716326689118,151.18869976866625,6,26.832647990258085,3.982831361293534
degraded,Dijkstra,7,11,True,True,81.51747819736286,14.077634864083278,415.6686000991431,3,10.277890276921532,2.5984685539474506
degraded,ECMP,7,11,True,True,43.731689646239865,10.916767089663871,280.86199505556465,2,6.3504058222218775,1.5887603487095514
degraded,Random,7,11,True,True,59.4514944614186,13.783975324670495,116.24864636428667,3,13.221519568715859,0.6659430059078256
degraded,DQN,7,11,True,False,1039.977171703167,55.11313973565785,251.44914851952456,20,45.933959555196914,8.566870745655002
degraded,Safe-DQN,7,11,True,True,185.03578432786512,7.346985989043087,61.68999130726518,6,23.48367302170807,2.8132505437446205
failure,Dijkstra,8,13,True,True,61.262583186542756,0.5497831064720238,513.695876738958,2,5.1434694711914295,2.746945242870267
failure,ECMP,8,13,True,True,70.15183124479654,2.2834911374469913,300.38966098318303,2,14.954741810825478,2.9980145838887764
failure,Random,8,13,False,False,999.0,100.0,0.0,12,100.0,99.0
failure,DQN,8,13,True,False,930.2322962708048,59.79966149220777,117.15632424329563,20,40.73336554528144,15.109209642627622
failure,Safe-DQN,8,13,True,True,109.78240778038654,6.4767453917051405,76.60091708096738,4,27.210616601072353,3.155219377159018
storm,Dijkstra,9,0,True,True,78.7244793357131,2.9788130661551726,63.30239696643173,3,10.205090579104466,2.6966210847211847
storm,ECMP,9,0,True,True,75.13768309755545,3.8335648336627504,80.39895683281965,3,10.470263137545098,2.183047159355978
storm,Random,9,0,False,False,999.0,100.0,0.0,15,100.0,99.0
storm,DQN,9,0,True,False,929.0810726776783,57.241522334423145,146.87927837133887,20,33.892069853131,10.92679278883285
storm,Safe-DQN,9,0,True,True,161.54333521492225,14.926989850113792,116.83876462211808,7,24.74367550172647,4.921217734214015
